[
    {
        "model": "user.TinvilleUser",
        "pk": 2,
        "fields": {
            "email": "demo@user.com",
            "password": "pbkdf2_sha256$12000$aWMeM0nAdxhb$q8kVZ5rVvPveWkgHYQKG5dL/fLRoPWpcqimKQdzLMRg=",
			"slug": "demousercom",
            "is_admin": false,
            "is_active": true,
            "is_seller": true,
            "is_approved": true,
            "key_expires": "2020-02-02",
            "user_permissions": [142],
            "access_code": "ABC12"
        }
    },
    {
        "model": "designer_shop.Shop",
        "pk": 1,
        "fields": {
            "name": "Demo",
			"slug": "demo",
            "banner": "images/banner.jpg",
            "mobileBanner": "images/mobilebanner.jpg",
            "logo": "",
            "aboutImg": "images/aboutimage.png",
            "user": 2,
            "aboutContent": "<p><b>Some bold sample about text here</b></p>",
            "color": "#AED4EF"
        }
    },
    {
        "model": "partner.Partner",
        "pk": 1,
        "fields": {
            "code": "demousercom",
            "name": "demo@user.com",
            "users": [2]
        }
    },
    {
        "model": "catalogue.Product",
        "pk": 1,
        "fields": {
            "title": "TestSizeSetItem",
            "slug": "testsizesetitem",
            "structure": "parent",
            "description": "This item is a default SizeSetItem, It is expensive but everyone wants to buy it.",
            "product_class": 1,
            "date_created": "2014-06-28 18:03:32.859698",
            "date_updated": "2014-06-28 18:03:32.859728",
            "is_discountable": 0,
            "shop": 1
        }
    },
    {
    	"model": "catalogue.ProductCategory",
    	"pk": 1,
    	"fields": {
    	    "product": 1,
    	    "category": 5
    	}
    },
    {
        "model": "catalogue.ProductImage",
        "pk": 2,
        "fields": {
            "product": 1,
            "original": "images/item1_1.jpg",
            "display_order": 0,
            "date_created": "2014-06-28 18:03:32.910457",
            "cropping": ""
        }
    },
    {
        "model": "catalogue.ProductImage",
        "pk": 3,
        "fields": {
            "product": 1,
            "original": "images/item1_2.jpg",
            "display_order": 1,
            "date_created": "2014-06-28 18:03:32.910457",
            "cropping": ""
        }
    },
    {
        "model": "catalogue.ProductImage",
        "pk": 4,
        "fields": {
            "product": 1,
            "original": "images/item1_3.jpg",
            "display_order": 2,
            "date_created": "2014-06-28 18:03:32.910457",
            "cropping": ""
        }
    },
    {
        "model": "catalogue.ProductImage",
        "pk": 5,
        "fields": {
            "product": 1,
            "original": "images/item1_4.jpg",
            "display_order": 3,
            "date_created": "2014-06-28 18:03:32.910457",
            "cropping": ""
        }
    },
    {
        "model": "catalogue.ProductImage",
        "pk": 6,
        "fields": {
            "product": 1,
            "original": "images/walken.jpg",
            "display_order": 4,
            "date_created": "2014-06-28 18:03:32.910457",
            "cropping": ""
        }
    },
    {
        "model": "catalogue.Product",
        "pk": 2,
        "fields": {
            "parent": 1,
            "title": "TestSizeSetItem",
            "slug": "testsizesetitem",
            "structure": "child",
            "description": "This item is a default SizeSetItem, It is expensive but everyone wants to buy it.",
            "product_class": 1,
            "date_created": "2014-06-28 18:03:32.859698",
            "date_updated": "2014-06-28 18:03:32.859728",
            "is_discountable": 0,
            "shop": 1
        }
    },
    {
        "model": "partner.StockRecord",
        "pk": 1,
        "fields": {
            "product": 2,
            "partner": 1,
            "partner_sku": "edbcc528-09f6-471e-a48c-6ee4e8d208b7",
            "price_currency": "$",
            "price_excl_tax": "12.99",
            "num_in_stock": 10,
            "date_created": "2014-07-22 23:35:22.555623",
            "date_updated": "2014-07-22 23:35:22.555623"
        }
    },
    {
        "model": "catalogue.ProductAttributeValue",
        "pk": 1,
        "fields": {
            "attribute": 5,
            "product": 2,
            "value_option": 8
        }
    },
    {
        "model": "catalogue.ProductAttributeValue",
        "pk": 2,
        "fields": {
            "attribute": 1,
            "product": 2,
            "value_option": 1
        }
    },

    {
        "model": "catalogue.Product",
        "pk": 3,
        "fields": {
            "parent": 1,
            "title": "TestSizeSetItem",
            "slug": "testsizesetitem",
            "structure": "child",
            "description": "This item is a default SizeSetItem, It is expensive but everyone wants to buy it.",
            "product_class": 1,
            "date_created": "2014-06-28 18:03:32.859698",
            "date_updated": "2014-06-28 18:03:32.859728",
            "is_discountable": 0,
            "shop": 1
        }
    },
    {
        "model": "partner.StockRecord",
        "pk": 2,
        "fields": {
            "product": 3,
            "partner": 1,
            "partner_sku": "54c0a83f-6ef7-45cd-a327-877f66c8fabc",
            "price_currency": "$",
            "price_excl_tax": "12.99",
            "num_in_stock": 10,
            "date_created": "2014-07-22 23:35:22.555623",
            "date_updated": "2014-07-22 23:35:22.555623"
        }
    },
    {
        "model": "catalogue.ProductAttributeValue",
        "pk": 3,
        "fields": {
            "attribute": 5,
            "product": 3,
            "value_option": 9
        }
    },
    {
        "model": "catalogue.ProductAttributeValue",
        "pk": 4,
        "fields": {
            "attribute": 1,
            "product": 3,
            "value_option": 1
        }
    },
    {
        "model": "catalogue.Product",
        "pk": 4,
        "fields": {
            "parent": 1,
            "title": "TestSizeSetItem",
            "slug": "testsizesetitem",
            "structure": "child",
            "description": "This item is a default SizeSetItem, It is expensive but everyone wants to buy it.",
            "product_class": 1,
            "date_created": "2014-06-28 18:03:32.859698",
            "date_updated": "2014-06-28 18:03:32.859728",
            "is_discountable": 0,
            "shop": 1
        }
    },
    {
        "model": "partner.StockRecord",
        "pk": 3,
        "fields": {
            "product": 4,
            "partner": 1,
            "partner_sku": "90d95008-7058-43f2-935a-bf68583e4b72",
            "price_currency": "$",
            "price_excl_tax": "12.99",
            "num_in_stock": 10,
            "date_created": "2014-07-22 23:35:22.555623",
            "date_updated": "2014-07-22 23:35:22.555623"
        }
    },
    {
        "model": "catalogue.ProductAttributeValue",
        "pk": 5,
        "fields": {
            "attribute": 5,
            "product": 4,
            "value_option": 8
        }
    },
    {
        "model": "catalogue.ProductAttributeValue",
        "pk": 6,
        "fields": {
            "attribute": 1,
            "product": 4,
            "value_option": 2
        }
    },
    {
        "model": "catalogue.Product",
        "pk": 5,
        "fields": {
            "parent": 1,
            "title": "TestSizeSetItem",
            "slug": "testsizesetitem",
            "structure": "child",
            "description": "This item is a default SizeSetItem, It is expensive but everyone wants to buy it.",
            "product_class": 1,
            "date_created": "2014-06-28 18:03:32.859698",
            "date_updated": "2014-06-28 18:03:32.859728",
            "is_discountable": 0,
            "shop": 1
        }
    },
    {
        "model": "partner.StockRecord",
        "pk": 4,
        "fields": {
            "product": 5,
            "partner": 1,
            "partner_sku": "e87c0b95-142d-45f7-8ce5-e82f72044052",
            "price_currency": "$",
            "price_excl_tax": "12.99",
            "num_in_stock": 10,
            "date_created": "2014-07-22 23:35:22.555623",
            "date_updated": "2014-07-22 23:35:22.555623"
        }
    },
    {
        "model": "catalogue.ProductAttributeValue",
        "pk": 7,
        "fields": {
            "attribute": 5,
            "product": 5,
            "value_option": 9
        }
    },
    {
        "model": "catalogue.ProductAttributeValue",
        "pk": 8,
        "fields": {
            "attribute": 1,
            "product": 5,
            "value_option": 2
        }
    },
    {
        "model": "catalogue.Product",
        "pk": 6,
        "fields": {
            "parent": 1,
            "title": "TestSizeSetItem",
            "slug": "testsizesetitem",
            "structure": "child",
            "description": "This item is a default SizeSetItem, It is expensive but everyone wants to buy it.",
            "product_class": 1,
            "date_created": "2014-06-28 18:03:32.859698",
            "date_updated": "2014-06-28 18:03:32.859728",
            "is_discountable": 0,
            "shop": 1
        }
    },
    {
        "model": "partner.StockRecord",
        "pk": 5,
        "fields": {
            "product": 6,
            "partner": 1,
            "partner_sku": "c7952258-76c9-4033-aaf4-ccd5d08701cc",
            "price_currency": "$",
            "price_excl_tax": "12.99",
            "num_in_stock": 10,
            "date_created": "2014-07-22 23:35:22.555623",
            "date_updated": "2014-07-22 23:35:22.555623"
        }
    },
    {
        "model": "catalogue.ProductAttributeValue",
        "pk": 9,
        "fields": {
            "attribute": 5,
            "product": 6,
            "value_option": 8
        }
    },
    {
        "model": "catalogue.ProductAttributeValue",
        "pk": 10,
        "fields": {
            "attribute": 1,
            "product": 6,
            "value_option": 3
        }
    },
    {
        "model": "catalogue.Product",
        "pk": 7,
        "fields": {
            "parent": 1,
            "title": "TestSizeSetItem",
            "slug": "testsizesetitem",
            "structure": "child",
            "description": "This item is a default SizeSetItem, It is expensive but everyone wants to buy it.",
            "product_class": 1,
            "date_created": "2014-06-28 18:03:32.859698",
            "date_updated": "2014-06-28 18:03:32.859728",
            "is_discountable": 0,
            "shop": 1
        }
    },
    {
        "model": "partner.StockRecord",
        "pk": 6,
        "fields": {
            "product": 7,
            "partner": 1,
            "partner_sku": "40994aaf-e81e-4453-9657-cd10bbab96cc",
            "price_currency": "$",
            "price_excl_tax": "12.99",
            "num_in_stock": 10,
            "date_created": "2014-07-22 23:35:22.555623",
            "date_updated": "2014-07-22 23:35:22.555623"
        }
    },
    {
        "model": "catalogue.ProductAttributeValue",
        "pk": 11,
        "fields": {
            "attribute": 5,
            "product": 7,
            "value_option": 9
        }
    },
    {
        "model": "catalogue.ProductAttributeValue",
        "pk": 12,
        "fields": {
            "attribute": 1,
            "product": 7,
            "value_option": 3
        }
    },
    {
        "model": "catalogue.Product",
        "pk": 8,
        "fields": {
            "title": "TestSizeNumberItem",
            "slug": "testsizenumberitem",
            "structure": "parent",
            "description": "This item is a default SizeNumber Item, It is expensive but everyone wants to buy it.",
            "product_class": 1,
            "date_created": "2014-06-28 18:03:32.859698",
            "date_updated": "2014-06-28 18:03:32.859728",
            "is_discountable": 0,
            "shop": 1
        }
    },
    {
    	"model": "catalogue.ProductCategory",
    	"pk": 2,
    	"fields": {
    	    "product": 8,
    	    "category": 18
    	}
    },
    {
        "model": "catalogue.ProductImage",
        "pk": 7,
        "fields": {
            "product": 8,
            "original": "images/item2_1.jpg",
            "display_order": 0,
            "date_created": "2014-06-28 18:03:32.910457",
            "cropping": ""
        }
    },
    {
        "model": "catalogue.ProductImage",
        "pk": 8,
        "fields": {
            "product": 8,
            "original": "images/item2_2.jpg",
            "display_order": 1,
            "date_created": "2014-06-28 18:03:32.910457",
            "cropping": ""
        }
    },
    {
        "model": "catalogue.ProductImage",
        "pk": 9,
        "fields": {
            "product": 8,
            "original": "images/item2_3.jpg",
            "display_order": 2,
            "date_created": "2014-06-28 18:03:32.910457",
            "cropping": ""
        }
    },
    {
        "model": "catalogue.ProductImage",
        "pk": 10,
        "fields": {
            "product": 8,
            "original": "images/item2_4.jpg",
            "display_order": 3,
            "date_created": "2014-06-28 18:03:32.910457",
            "cropping": ""
        }
    },
    {
        "model": "catalogue.ProductImage",
        "pk": 11,
        "fields": {
            "product": 8,
            "original": "images/item2_5.jpg",
            "display_order": 4,
            "date_created": "2014-06-28 18:03:32.910457",
            "cropping": ""
        }
    },
    {
        "model": "catalogue.Product",
        "pk": 9,
        "fields": {
            "parent": 8,
            "title": "TestSizeNumberItem",
            "slug": "testsizenumberitem",
            "structure": "child",
            "description": "This item is a default SizeNumber Item, It is expensive but everyone wants to buy it.",
            "product_class": 1,
            "date_created": "2014-06-28 18:03:32.859698",
            "date_updated": "2014-06-28 18:03:32.859728",
            "is_discountable": 0,
            "shop": 1
        }
    },
    {
        "model": "partner.StockRecord",
        "pk": 7,
        "fields": {
            "product": 9,
            "partner": 1,
            "partner_sku": "4bd2d168-d7c1-4a46-894a-261850a5a5da",
            "price_currency": "$",
            "price_excl_tax": "12.99",
            "num_in_stock": 10,
            "date_created": "2014-07-22 23:35:22.555623",
            "date_updated": "2014-07-22 23:35:22.555623"
        }
    },
    {
        "model": "catalogue.ProductAttributeValue",
        "pk": 13,
        "fields": {
            "attribute": 5,
            "product": 9,
            "value_option": 8
        }
    },
    {
        "model": "catalogue.ProductAttributeValue",
        "pk": 14,
        "fields": {
            "attribute": 4,
            "product": 9,
            "value_float": 1
        }
    },

    {
        "model": "catalogue.Product",
        "pk": 10,
        "fields": {
            "parent": 8,
            "title": "TestSizeNumberItem",
            "slug": "testsizenumberitem",
            "structure": "child",
            "description": "This item is a default SizeNumber Item, It is expensive but everyone wants to buy it.",
            "product_class": 1,
            "date_created": "2014-06-28 18:03:32.859698",
            "date_updated": "2014-06-28 18:03:32.859728",
            "is_discountable": 0,
            "shop": 1
        }
    },
    {
        "model": "partner.StockRecord",
        "pk": 8,
        "fields": {
            "product": 10,
            "partner": 1,
            "partner_sku": "61eb0026-6286-46fe-8335-59e8f0492965",
            "price_currency": "$",
            "price_excl_tax": "12.99",
            "num_in_stock": 10,
            "date_created": "2014-07-22 23:35:22.555623",
            "date_updated": "2014-07-22 23:35:22.555623"
        }
    },
    {
        "model": "catalogue.ProductAttributeValue",
        "pk": 15,
        "fields": {
            "attribute": 5,
            "product": 10,
            "value_option": 9
        }
    },
    {
        "model": "catalogue.ProductAttributeValue",
        "pk": 16,
        "fields": {
            "attribute": 4,
            "product": 10,
            "value_float": 1
        }
    },
    {
        "model": "catalogue.Product",
        "pk": 11,
        "fields": {
            "parent": 8,
            "title": "TestSizeNumberItem",
            "slug": "testsizenumberitem",
            "structure": "child",
            "description": "This item is a default SizeNumber Item, It is expensive but everyone wants to buy it.",
            "product_class": 1,
            "date_created": "2014-06-28 18:03:32.859698",
            "date_updated": "2014-06-28 18:03:32.859728",
            "is_discountable": 0,
            "shop": 1
        }
    },
    {
        "model": "partner.StockRecord",
        "pk": 9,
        "fields": {
            "product": 11,
            "partner": 1,
            "partner_sku": "cb2dac8c-b76e-4dab-aea8-f33ff785f2ce",
            "price_currency": "$",
            "price_excl_tax": "12.99",
            "num_in_stock": 10,
            "date_created": "2014-07-22 23:35:22.555623",
            "date_updated": "2014-07-22 23:35:22.555623"
        }
    },
    {
        "model": "catalogue.ProductAttributeValue",
        "pk": 17,
        "fields": {
            "attribute": 5,
            "product": 11,
            "value_option": 8
        }
    },
    {
        "model": "catalogue.ProductAttributeValue",
        "pk": 18,
        "fields": {
            "attribute": 4,
            "product": 11,
            "value_float": 2
        }
    },
    {
        "model": "catalogue.Product",
        "pk": 12,
        "fields": {
            "parent": 8,
            "title": "TestSizeNumberItem",
            "slug": "testsizenumberitem",
            "structure": "child",
            "description": "This item is a default SizeNumber Item, It is expensive but everyone wants to buy it.",
            "product_class": 1,
            "date_created": "2014-06-28 18:03:32.859698",
            "date_updated": "2014-06-28 18:03:32.859728",
            "is_discountable": 0,
            "shop": 1
        }
    },
    {
        "model": "partner.StockRecord",
        "pk": 10,
        "fields": {
            "product": 12,
            "partner": 1,
            "partner_sku": "1f4f4e76-6e87-44ce-aac5-f155aae50695",
            "price_currency": "$",
            "price_excl_tax": "12.99",
            "num_in_stock": 10,
            "date_created": "2014-07-22 23:35:22.555623",
            "date_updated": "2014-07-22 23:35:22.555623"
        }
    },
    {
        "model": "catalogue.ProductAttributeValue",
        "pk": 19,
        "fields": {
            "attribute": 5,
            "product": 12,
            "value_option": 9
        }
    },
    {
        "model": "catalogue.ProductAttributeValue",
        "pk": 20,
        "fields": {
            "attribute": 4,
            "product": 12,
            "value_float": 2
        }
    },
    {
        "model": "catalogue.Product",
        "pk": 13,
        "fields": {
            "parent": 8,
            "title": "TestSizeNumberItem",
            "slug": "testsizenumberitem",
            "structure": "child",
            "description": "This item is a default SizeNumber Item, It is expensive but everyone wants to buy it.",
            "product_class": 1,
            "date_created": "2014-06-28 18:03:32.859698",
            "date_updated": "2014-06-28 18:03:32.859728",
            "is_discountable": 0,
            "shop": 1
        }
    },
    {
        "model": "partner.StockRecord",
        "pk": 11,
        "fields": {
            "product": 13,
            "partner": 1,
            "partner_sku": "e5a9fa38-c6a8-4572-bfd7-825107999a01",
            "price_currency": "$",
            "price_excl_tax": "12.99",
            "num_in_stock": 10,
            "date_created": "2014-07-22 23:35:22.555623",
            "date_updated": "2014-07-22 23:35:22.555623"
        }
    },
    {
        "model": "catalogue.ProductAttributeValue",
        "pk": 21,
        "fields": {
            "attribute": 5,
            "product": 13,
            "value_option": 8
        }
    },
    {
        "model": "catalogue.ProductAttributeValue",
        "pk": 22,
        "fields": {
            "attribute": 4,
            "product": 13,
            "value_float": 3
        }
    },
    {
        "model": "catalogue.Product",
        "pk": 14,
        "fields": {
            "parent": 8,
            "title": "TestSizeNumberItem",
            "slug": "testsizenumberitem",
            "structure": "child",
            "description": "This item is a default SizeNumber Item, It is expensive but everyone wants to buy it.",
            "product_class": 1,
            "date_created": "2014-06-28 18:03:32.859698",
            "date_updated": "2014-06-28 18:03:32.859728",
            "is_discountable": 0,
            "shop": 1
        }
    },
    {
        "model": "partner.StockRecord",
        "pk": 12,
        "fields": {
            "product": 14,
            "partner": 1,
            "partner_sku": "41a4bc39-3983-4012-9d33-870d8f1e8195",
            "price_currency": "$",
            "price_excl_tax": "12.99",
            "num_in_stock": 10,
            "date_created": "2014-07-22 23:35:22.555623",
            "date_updated": "2014-07-22 23:35:22.555623"
        }
    },
    {
        "model": "catalogue.ProductAttributeValue",
        "pk": 23,
        "fields": {
            "attribute": 5,
            "product": 14,
            "value_option": 9
        }
    },
    {
        "model": "catalogue.ProductAttributeValue",
        "pk": 24,
        "fields": {
            "attribute": 4,
            "product": 14,
            "value_float": 3
        }
    },
        {
        "model": "catalogue.Product",
        "pk": 15,
        "fields": {
            "title": "TestSizeDimensionItem",
            "slug": "testsizedimensionitem",
            "structure": "parent",
            "description": "This item is a default SizeDimension Item, It is expensive but everyone wants to buy it.",
            "product_class": 1,
            "date_created": "2014-06-28 18:03:32.859698",
            "date_updated": "2014-06-28 18:03:32.859728",
            "is_discountable": 0,
            "shop": 1
        }
    },
    {
    	"model": "catalogue.ProductCategory",
    	"pk": 3,
    	"fields": {
    	    "product": 15,
    	    "category": 28
    	}
    },
    {
        "model": "catalogue.ProductImage",
        "pk": 12,
        "fields": {
            "product": 15,
            "original": "images/item3_1.jpg",
            "display_order": 0,
            "date_created": "2014-06-28 18:03:32.910457",
            "cropping": ""
        }
    },
    {
        "model": "catalogue.ProductImage",
        "pk": 13,
        "fields": {
            "product": 15,
            "original": "images/item3_2.jpg",
            "display_order": 1,
            "date_created": "2014-06-28 18:03:32.910457",
            "cropping": ""
        }
    },
    {
        "model": "catalogue.ProductImage",
        "pk": 14,
        "fields": {
            "product": 15,
            "original": "images/item3_3.jpg",
            "display_order": 2,
            "date_created": "2014-06-28 18:03:32.910457",
            "cropping": ""
        }
    },
    {
        "model": "catalogue.ProductImage",
        "pk": 15,
        "fields": {
            "product": 15,
            "original": "images/item3_4.jpg",
            "display_order": 3,
            "date_created": "2014-06-28 18:03:32.910457",
            "cropping": ""
        }
    },
    {
        "model": "catalogue.ProductImage",
        "pk": 16,
        "fields": {
            "product": 15,
            "original": "images/item3_5.jpg",
            "display_order": 4,
            "date_created": "2014-06-28 18:03:32.910457",
            "cropping": ""
        }
    },
    {
        "model": "catalogue.Product",
        "pk": 16,
        "fields": {
            "parent": 15,
            "title": "TestSizeDimensionItem",
            "slug": "testsizedimensionitem",
            "structure": "child",
            "description": "This item is a default SizeDimension Item, It is expensive but everyone wants to buy it.",
            "product_class": 1,
            "date_created": "2014-06-28 18:03:32.859698",
            "date_updated": "2014-06-28 18:03:32.859728",
            "is_discountable": 0,
            "shop": 1
        }
    },
    {
        "model": "partner.StockRecord",
        "pk": 13,
        "fields": {
            "product": 16,
            "partner": 1,
            "partner_sku": "eabc001b-7560-4788-b98e-3948aa7fa716",
            "price_currency": "$",
            "price_excl_tax": "12.99",
            "num_in_stock": 10,
            "date_created": "2014-07-22 23:35:22.555623",
            "date_updated": "2014-07-22 23:35:22.555623"
        }
    },
    {
        "model": "catalogue.ProductAttributeValue",
        "pk": 25,
        "fields": {
            "attribute": 5,
            "product": 16,
            "value_option": 8
        }
    },
    {
        "model": "catalogue.ProductAttributeValue",
        "pk": 26,
        "fields": {
            "attribute": 2,
            "product": 16,
            "value_float": 30
        }
    },
    {
        "model": "catalogue.ProductAttributeValue",
        "pk": 27,
        "fields": {
            "attribute": 3,
            "product": 16,
            "value_float": 30
        }
    },

    {
        "model": "catalogue.Product",
        "pk": 17,
        "fields": {
            "parent": 15,
            "title": "TestSizeDimensionItem",
            "slug": "testsizedimensionitem",
            "structure": "child",
            "description": "This item is a default SizeDimension Item, It is expensive but everyone wants to buy it.",
            "product_class": 1,
            "date_created": "2014-06-28 18:03:32.859698",
            "date_updated": "2014-06-28 18:03:32.859728",
            "is_discountable": 0,
            "shop": 1
        }
    },
    {
        "model": "partner.StockRecord",
        "pk": 14,
        "fields": {
            "product": 17,
            "partner": 1,
            "partner_sku": "780d501b-4677-48d5-b499-279ccbbe3ebb",
            "price_currency": "$",
            "price_excl_tax": "12.99",
            "num_in_stock": 10,
            "date_created": "2014-07-22 23:35:22.555623",
            "date_updated": "2014-07-22 23:35:22.555623"
        }
    },
    {
        "model": "catalogue.ProductAttributeValue",
        "pk": 28,
        "fields": {
            "attribute": 5,
            "product": 17,
            "value_option": 9
        }
    },
    {
        "model": "catalogue.ProductAttributeValue",
        "pk": 29,
        "fields": {
            "attribute": 2,
            "product": 17,
            "value_float": 31
        }
    },
    {
        "model": "catalogue.ProductAttributeValue",
        "pk": 30,
        "fields": {
            "attribute": 3,
            "product": 17,
            "value_float": 31
        }
    },
    {
        "model": "catalogue.Product",
        "pk": 18,
        "fields": {
            "parent": 15,
            "title": "TestSizeDimensionItem",
            "slug": "testsizedimensionitem",
            "structure": "child",
            "description": "This item is a default SizeDimension Item, It is expensive but everyone wants to buy it.",
            "product_class": 1,
            "date_created": "2014-06-28 18:03:32.859698",
            "date_updated": "2014-06-28 18:03:32.859728",
            "is_discountable": 0,
            "shop": 1
        }
    },
    {
        "model": "partner.StockRecord",
        "pk": 15,
        "fields": {
            "product": 18,
            "partner": 1,
            "partner_sku": "aa4bcc54-bb2f-4a93-aa0f-b60936c0e7b9",
            "price_currency": "$",
            "price_excl_tax": "12.99",
            "num_in_stock": 10,
            "date_created": "2014-07-22 23:35:22.555623",
            "date_updated": "2014-07-22 23:35:22.555623"
        }
    },
    {
        "model": "catalogue.ProductAttributeValue",
        "pk": 31,
        "fields": {
            "attribute": 5,
            "product": 18,
            "value_option": 8
        }
    },
    {
        "model": "catalogue.ProductAttributeValue",
        "pk": 32,
        "fields": {
            "attribute": 2,
            "product": 18,
            "value_float": 32
        }
    },
    {
        "model": "catalogue.ProductAttributeValue",
        "pk": 33,
        "fields": {
            "attribute": 3,
            "product": 18,
            "value_float": 32
        }
    },
    {
        "model": "catalogue.Product",
        "pk": 19,
        "fields": {
            "parent": 15,
            "title": "TestSizeDimensionItem",
            "slug": "testsizedimensionitem",
            "structure": "child",
            "description": "This item is a default SizeDimension Item, It is expensive but everyone wants to buy it.",
            "product_class": 1,
            "date_created": "2014-06-28 18:03:32.859698",
            "date_updated": "2014-06-28 18:03:32.859728",
            "is_discountable": 0,
            "shop": 1
        }
    },
    {
        "model": "partner.StockRecord",
        "pk": 16,
        "fields": {
            "product": 19,
            "partner": 1,
            "partner_sku": "08e8f45a-a1b1-48f7-9baa-e9b41a5cd12a",
            "price_currency": "$",
            "price_excl_tax": "12.99",
            "num_in_stock": 10,
            "date_created": "2014-07-22 23:35:22.555623",
            "date_updated": "2014-07-22 23:35:22.555623"
        }
    },
    {
        "model": "catalogue.ProductAttributeValue",
        "pk": 34,
        "fields": {
            "attribute": 5,
            "product": 19,
            "value_option": 9
        }
    },
    {
        "model": "catalogue.ProductAttributeValue",
        "pk": 35,
        "fields": {
            "attribute": 2,
            "product": 19,
            "value_float": 30
        }
    },
    {
        "model": "catalogue.ProductAttributeValue",
        "pk": 36,
        "fields": {
            "attribute": 3,
            "product": 19,
            "value_float": 30
        }
    },
    {
        "model": "catalogue.Product",
        "pk": 20,
        "fields": {
            "parent": 15,
            "title": "TestSizeDimensionItem",
            "slug": "testsizedimensionitem",
            "structure": "child",
            "description": "This item is a default SizeDimension Item, It is expensive but everyone wants to buy it.",
            "product_class": 1,
            "date_created": "2014-06-28 18:03:32.859698",
            "date_updated": "2014-06-28 18:03:32.859728",
            "is_discountable": 0,
            "shop": 1
        }
    },
    {
        "model": "partner.StockRecord",
        "pk": 17,
        "fields": {
            "product": 20,
            "partner": 1,
            "partner_sku": "57c7d27a-cc2d-4b51-94aa-f33c067b0110",
            "price_currency": "$",
            "price_excl_tax": "12.99",
            "num_in_stock": 10,
            "date_created": "2014-07-22 23:35:22.555623",
            "date_updated": "2014-07-22 23:35:22.555623"
        }
    },
    {
        "model": "catalogue.ProductAttributeValue",
        "pk": 37,
        "fields": {
            "attribute": 5,
            "product": 20,
            "value_option": 8
        }
    },
    {
        "model": "catalogue.ProductAttributeValue",
        "pk": 38,
        "fields": {
            "attribute": 2,
            "product": 20,
            "value_float": 31
        }
    },
    {
        "model": "catalogue.ProductAttributeValue",
        "pk": 39,
        "fields": {
            "attribute": 3,
            "product": 20,
            "value_float": 31
        }
    },
    {
        "model": "catalogue.Product",
        "pk": 21,
        "fields": {
            "parent": 15,
            "title": "TestSizeDimensionItem",
            "slug": "testsizedimensionitem",
            "structure": "child",
            "description": "This item is a default SizeDimension Item, It is expensive but everyone wants to buy it.",
            "product_class": 1,
            "date_created": "2014-06-28 18:03:32.859698",
            "date_updated": "2014-06-28 18:03:32.859728",
            "is_discountable": 0,
            "shop": 1
        }
    },
    {
        "model": "partner.StockRecord",
        "pk": 18,
        "fields": {
            "product": 21,
            "partner": 1,
            "partner_sku": "e31385f4-0ff7-4b2a-85c8-e72252b14559",
            "price_currency": "$",
            "price_excl_tax": "12.99",
            "num_in_stock": 10,
            "date_created": "2014-07-22 23:35:22.555623",
            "date_updated": "2014-07-22 23:35:22.555623"
        }
    },



    {
        "model": "catalogue.ProductAttributeValue",
        "pk": 40,
        "fields": {
            "attribute": 5,
            "product": 21,
            "value_option": 9
        }
    },
    {
        "model": "catalogue.ProductAttributeValue",
        "pk": 41,
        "fields": {
            "attribute": 2,
            "product": 21,
            "value_float": 32
        }
    },
    {
        "model": "catalogue.ProductAttributeValue",
        "pk": 42,
        "fields": {
            "attribute": 3,
            "product": 21,
            "value_float": 32
        }
    },
    {
        "model": "catalogue.ProductClass",
        "pk": 1,
        "fields": {
            "name": "Apparel",
			"slug": "apparel",
            "requires_shipping": true,
            "track_stock": true
        }
    },
    {
        "model": "catalogue.AttributeOptionGroup",
        "pk": 1,
        "fields": {
			"name": "size_set"
        }
    },
    {
        "model": "catalogue.AttributeOptionGroup",
        "pk": 2,
        "fields": {
			"name": "color_set"
        }
    },
    {
        "model": "catalogue.AttributeOption",
        "pk": 1,
        "fields": {
			"group": 1,
            "option": "xxs"
        }
    },
    {
        "model": "catalogue.AttributeOption",
        "pk": 2,
        "fields": {
			"group": 1,
            "option": "xs"
        }
    },
    {
        "model": "catalogue.AttributeOption",
        "pk": 3,
        "fields": {
			"group": 1,
            "option": "sm"
        }
    },
    {
        "model": "catalogue.AttributeOption",
        "pk": 4,
        "fields": {
			"group": 1,
            "option": "md"
        }
    },
    {
        "model": "catalogue.AttributeOption",
        "pk": 5,
        "fields": {
			"group": 1,
            "option": "lg"
        }
    },
    {
        "model": "catalogue.AttributeOption",
        "pk": 6,
        "fields": {
			"group": 1,
            "option": "xl"
        }
    },
    {
        "model": "catalogue.AttributeOption",
        "pk": 7,
        "fields": {
			"group": 1,
            "option": "xxl"
        }
    },
    {
        "model": "catalogue.AttributeOption",
        "pk": 8,
        "fields": {
			"group": 2,
            "option": "red"
        }
    },
    {
        "model": "catalogue.AttributeOption",
        "pk": 9,
        "fields": {
			"group": 2,
            "option": "blue"
        }
    },
    {
        "model": "catalogue.AttributeOption",
        "pk": 10,
        "fields": {
			"group": 2,
            "option": "green"
        }
    },
    {
        "model": "catalogue.AttributeOption",
        "pk": 11,
        "fields": {
			"group": 2,
            "option": "black"
        }
    },
    {
        "model": "catalogue.AttributeOption",
        "pk": 12,
        "fields": {
			"group": 2,
            "option": "white"
        }
    },
    {
        "model": "catalogue.AttributeOption",
        "pk": 13,
        "fields": {
			"group": 2,
            "option": "pink"
        }
    },
    {
        "model": "catalogue.AttributeOption",
        "pk": 14,
        "fields": {
			"group": 2,
            "option": "brown"
        }
    },
    {
        "model": "catalogue.AttributeOption",
        "pk": 15,
        "fields": {
			"group": 2,
            "option": "gray"
        }
    },
    {
        "model": "catalogue.AttributeOption",
        "pk": 16,
        "fields": {
			"group": 2,
            "option": "yellow"
        }
    },
        {
        "model": "catalogue.AttributeOption",
        "pk": 17,
        "fields": {
			"group": 2,
            "option": "violet"
        }
    },
        {
        "model": "catalogue.AttributeOption",
        "pk": 18,
        "fields": {
			"group": 2,
            "option": "orange"
        }
    },
    {
        "model": "catalogue.ProductAttribute",
        "pk": 1,
        "fields": {
            "product_class": 1,
			"name": "size_set",
            "code": "size_set",
            "type": "option",
            "option_group": 1
        }
    },
    {
        "model": "catalogue.ProductAttribute",
        "pk": 2,
        "fields": {
            "product_class": 1,
			"name": "size_dimension_x",
            "code": "size_dimension_x",
            "type": "float"
        }
    },
    {
        "model": "catalogue.ProductAttribute",
        "pk": 3,
        "fields": {
            "product_class": 1,
			"name": "size_dimension_y",
            "code": "size_dimension_y",
            "type": "float"
        }
    },
    {
        "model": "catalogue.ProductAttribute",
        "pk": 4,
        "fields": {
            "product_class": 1,
			"name": "size_number",
            "code": "size_number",
            "type": "float"
        }
    },
    {
        "model": "catalogue.ProductAttribute",
        "pk": 5,
        "fields": {
            "product_class": 1,
			"name": "color",
            "code": "color",
            "type": "option",
            "option_group": 2
        }
    },
    {
        "model": "catalogue.Category",
        "pk": 1,
        "fields": {
            "path": "0001",
            "depth": 1,
            "numchild": 2,
            "name": "Women",
            "slug": "women",
            "full_name": "Women"

        }
    },
    {
        "model": "catalogue.Category",
        "pk": 2,
        "fields": {
            "path": "0002",
            "depth": 1,
            "numchild": 2,
            "name": "Men",
            "slug": "men",
            "full_name": "Men"

        }
    },
    {
        "model": "catalogue.Category",
        "pk": 3,
        "fields": {
            "path": "00010001",
            "depth": 2,
            "numchild": 1,
            "name": "Clothing",
            "slug": "women/clothing",
            "full_name": "Women > Clothing"

        }
    },
    {
        "model": "catalogue.Category",
        "pk": 4,
        "fields": {
            "path": "00010002",
            "depth": 2,
            "numchild": 1,
            "name": "Footwear",
            "slug": "women/footwear",
            "full_name": "Women > Footwear"

        }
    },
    {
        "model": "catalogue.Category",
        "pk": 5,
        "fields": {
            "path": "000100010001",
            "depth": 3,
            "numchild": 0,
            "name": "Jackets",
            "slug": "women/clothing/jackets",
            "full_name": "Women > Clothing > Jackets"

        }
    },
    {
        "model": "catalogue.Category",
        "pk": 6,
        "fields": {
            "path": "000100010002",
            "depth": 3,
            "numchild": 0,
            "name": "Dresses",
            "slug": "women/clothing/dresses",
            "full_name": "Women > Clothing > Dresses"

        }
    },
    {
        "model": "catalogue.Category",
        "pk": 7,
        "fields": {
            "path": "000100010003",
            "depth": 3,
            "numchild": 0,
            "name": "Tops",
            "slug": "women/clothing/tops",
            "full_name": "Women > Clothing > Tops"

        }
    },
    {
        "model": "catalogue.Category",
        "pk": 8,
        "fields": {
            "path": "000100010004",
            "depth": 3,
            "numchild": 0,
            "name": "Sweaters",
            "slug": "women/clothing/sweaters",
            "full_name": "Women > Clothing > Sweaters"

        }
    },
    {
        "model": "catalogue.Category",
        "pk": 9,
        "fields": {
            "path": "000100010005",
            "depth": 3,
            "numchild": 0,
            "name": "Jeans",
            "slug": "women/clothing/jeans",
            "full_name": "Women > Clothing > Jeans"

        }
    },
    {
        "model": "catalogue.Category",
        "pk": 9,
        "fields": {
            "path": "000100010006",
            "depth": 3,
            "numchild": 0,
            "name": "Coats",
            "slug": "women/clothing/coats",
            "full_name": "Women > Clothing > Coats"

        }
    },
    {
        "model": "catalogue.Category",
        "pk": 10,
        "fields": {
            "path": "000100010007",
            "depth": 3,
            "numchild": 0,
            "name": "Shorts",
            "slug": "women/clothing/shorts",
            "full_name": "Women > Clothing > Shorts"

        }
    },
    {
        "model": "catalogue.Category",
        "pk": 11,
        "fields": {
            "path": "000100010008",
            "depth": 3,
            "numchild": 0,
            "name": "Pants",
            "slug": "women/clothing/pants",
            "full_name": "Women > Clothing > Pants"

        }
    },
    {
        "model": "catalogue.Category",
        "pk": 12,
        "fields": {
            "path": "000100010010",
            "depth": 3,
            "numchild": 0,
            "name": "Swimwear",
            "slug": "women/clothing/swimwear",
            "full_name": "Women > Clothing > Swimwear"

        }
    },
    {
        "model": "catalogue.Category",
        "pk": 13,
        "fields": {
            "path": "000100010011",
            "depth": 3,
            "numchild": 0,
            "name": "Intimates",
            "slug": "women/clothing/intimates",
            "full_name": "Women > Clothing > Intimates"

        }
    },
    {
        "model": "catalogue.Category",
        "pk": 14,
        "fields": {
            "path": "000100020001",
            "depth": 3,
            "numchild": 0,
            "name": "Boots",
            "slug": "women/footwear/boots",
            "full_name": "Women > Footwear > Boots"

        }
    },
    {
        "model": "catalogue.Category",
        "pk": 15,
        "fields": {
            "path": "000100020002",
            "depth": 3,
            "numchild": 0,
            "name": "Heels",
            "slug": "women/footwear/heels",
            "full_name": "Women > Footwear > Heels"

        }
    },
    {
        "model": "catalogue.Category",
        "pk": 16,
        "fields": {
            "path": "00020001",
            "depth": 2,
            "numchild": 1,
            "name": "Clothing",
            "slug": "men/clothing",
            "full_name": "Men > Clothing"

        }
    },
    {
        "model": "catalogue.Category",
        "pk": 17,
        "fields": {
            "path": "00020002",
            "depth": 2,
            "numchild": 1,
            "name": "Footwear",
            "slug": "men/footwear",
            "full_name": "Men > Footwear"

        }
    },
    {
        "model": "catalogue.Category",
        "pk": 18,
        "fields": {
            "path": "000200010001",
            "depth": 3,
            "numchild": 0,
            "name": "Jackets",
            "slug": "Men/clothing/jackets",
            "full_name": "Men > Clothing > Jackets"

        }
    },
    {
        "model": "catalogue.Category",
        "pk": 19,
        "fields": {
            "path": "000200010002",
            "depth": 3,
            "numchild": 0,
            "name": "Suits",
            "slug": "Men/clothing/suits",
            "full_name": "Men > Clothing > Suits"

        }
    },
    {
        "model": "catalogue.Category",
        "pk": 20,
        "fields": {
            "path": "000200010003",
            "depth": 3,
            "numchild": 0,
            "name": "Polos",
            "slug": "Men/clothing/polos",
            "full_name": "Men > Clothing > Polos"

        }
    },
    {
        "model": "catalogue.Category",
        "pk": 21,
        "fields": {
            "path": "000200010004",
            "depth": 3,
            "numchild": 0,
            "name": "T-Shirts",
            "slug": "Men/clothing/t-shirts",
            "full_name": "Men > Clothing > T-Shirts"

        }
    },
    {
        "model": "catalogue.Category",
        "pk": 22,
        "fields": {
            "path": "000200010005",
            "depth": 3,
            "numchild": 0,
            "name": "Sweaters",
            "slug": "Men/clothing/sweaters",
            "full_name": "Men > Clothing > Sweaters"

        }
    },
    {
        "model": "catalogue.Category",
        "pk": 23,
        "fields": {
            "path": "000200010006",
            "depth": 3,
            "numchild": 0,
            "name": "Pants",
            "slug": "Men/clothing/pants",
            "full_name": "Men > Clothing > Pants"

        }
    },
    {
        "model": "catalogue.Category",
        "pk": 24,
        "fields": {
            "path": "000200010007",
            "depth": 3,
            "numchild": 0,
            "name": "Jeans",
            "slug": "Men/clothing/Jeans",
            "full_name": "Men > Clothing > Jeans"

        }
    },
    {
        "model": "catalogue.Category",
        "pk": 25,
        "fields": {
            "path": "000200010008",
            "depth": 3,
            "numchild": 0,
            "name": "Shorts",
            "slug": "Men/clothing/shorts",
            "full_name": "Men > Clothing > Shorts"

        }
    },
    {
        "model": "catalogue.Category",
        "pk": 26,
        "fields": {
            "path": "000200010009",
            "depth": 3,
            "numchild": 0,
            "name": "Swimwear",
            "slug": "Men/clothing/swimwear",
            "full_name": "Men > Clothing > Swimwear"

        }
    },
    {
        "model": "catalogue.Category",
        "pk": 27,
        "fields": {
            "path": "000200010010",
            "depth": 3,
            "numchild": 0,
            "name": "Sleepwear",
            "slug": "Men/clothing/sleepwear",
            "full_name": "Men > Clothing > Sleepwear"

        }
    },
    {
        "model": "catalogue.Category",
        "pk": 28,
        "fields": {
            "path": "000200020001",
            "depth": 3,
            "numchild": 0,
            "name": "Boots",
            "slug": "Men/footwear/boots",
            "full_name": "Men > Footwear > Boots"

        }
    },
    {
        "model": "catalogue.Category",
        "pk": 29,
        "fields": {
            "path": "000200020002",
            "depth": 3,
            "numchild": 0,
            "name": "Sneakers",
            "slug": "Men/footwear/sneakers",
            "full_name": "Men > Footwear > Sneakers"

        }
    },
    {
        "model": "catalogue.Category",
        "pk": 30,
        "fields": {
            "path": "000200020003",
            "depth": 3,
            "numchild": 0,
            "name": "Flip flops",
            "slug": "Men/footwear/flipflop",
            "full_name": "Men > Footwear > Flip Flop"

        }
    },
    {
        "model": "catalogue.Category",
        "pk": 31,
        "fields": {
            "path": "00010003",
            "depth": 2,
            "numchild": 0,
            "name": "Accessories",
            "slug": "Women/accessories",
            "full_name": "Women > Accessories"

        }
    },
    {
        "model": "catalogue.Category",
        "pk": 32,
        "fields": {
            "path": "00020003",
            "depth": 2,
            "numchild": 0,
            "name": "Accessories",
            "slug": "Men/accessories",
            "full_name": "Men > Accessories"

        }
    },
    {
        "model": "catalogue.Category",
        "pk": 33,
        "fields": {
            "path": "000200030001",
            "depth": 3,
            "numchild": 0,
            "name": "Wallets",
            "slug": "Men/accessories/wallets",
            "full_name": "Men > Accessories > Wallets"

        }
    },
    {
        "model": "catalogue.Category",
        "pk": 34,
        "fields": {
            "path": "000200030002",
            "depth": 3,
            "numchild": 0,
            "name": "Watches",
            "slug": "Men/accessories/watches",
            "full_name": "Men > Accessories > Watches"

        }
    },
    {
        "model": "catalogue.Category",
        "pk": 35,
        "fields": {
            "path": "000200030003",
            "depth": 3,
            "numchild": 0,
            "name": "Belts",
            "slug": "Men/accessories/belts",
            "full_name": "Men > Accessories > Belts"
        }
    },
    {
        "model": "catalogue.Category",
        "pk": 36,
        "fields": {
            "path": "000100030001",
            "depth": 3,
            "numchild": 0,
            "name": "Purses",
            "slug": "Women/accessories/purses",
            "full_name": "Women > Accessories > Purses"
        }
    },
    {
        "model": "catalogue.Category",
        "pk": 37,
        "fields": {
            "path": "000100030002",
            "depth": 3,
            "numchild": 0,
            "name": "Watches",
            "slug": "Women/accessories/watches",
            "full_name": "Women > Accessories > Watches"
        }
    },
    {
        "model": "catalogue.Category",
        "pk": 38,
        "fields": {
            "path": "000100030003",
            "depth": 3,
            "numchild": 0,
            "name": "Belts",
            "slug": "Women/accessories/belts",
            "full_name": "Women > Accessories > Belts"
        }
    },
        {
        "model": "catalogue.Category",
        "pk": 39,
        "fields": {
            "path": "000100010009",
            "depth": 3,
            "numchild": 0,
            "name": "Skirts",
            "slug": "women/clothing/skirts",
            "full_name": "Women > Clothing > Skirts"

        }
    },
    {
        "pk": 1,
        "model": "order.shippingeventtype",
        "fields": {
            "code": "shipped",
            "name": "Shipped"
        }
    },
    {
        "pk": 2,
        "model": "order.shippingeventtype",
        "fields": {
            "code": "returned",
            "name": "Returned"
        }
    },
    {
        "pk": 3,
        "model": "order.shippingeventtype",
        "fields": {
            "code": "cancelled",
            "name": "Cancelled"
        }
    },
    {
        "pk": 4,
        "model": "order.shippingeventtype",
        "fields": {
            "code": "partially_shipped",
            "name": "Partially Shipped"
        }
    },
    {
        "pk": 5,
        "model": "order.shippingeventtype",
        "fields": {
            "code": "in_transit",
            "name": "In Transit"
        }
    },
    {
        "pk": 6,
        "model": "order.shippingeventtype",
        "fields": {
            "code": "received",
            "name": "Received"
        }
    },
    {
        "pk": 7,
        "model": "order.shippingeventtype",
        "fields": {
            "code": "boxed",
            "name": "Boxed"
        }
    },
    {
        "pk": 1,
        "model": "order.paymenteventtype",
        "fields": {
            "code": "paid_designer",
            "name": "Paid Designer"
        }
    },
    {
        "pk": 2,
        "model": "order.paymenteventtype",
        "fields": {
            "code": "paid_shipping",
            "name": "Paid Shipping"
        }
    },
    {
        "pk": 1,
        "model": "customer.communicationeventtype",
        "fields": {
            "code": "DESIGNER_ORDER_PLACED",
            "name": "Designer Order Placed",
            "category": "Order related",
            "email_subject_template": "New Customer Order Placed",
            "email_body_template": "Hello, /n You have a new order available.",
            "email_body_html_template": "<html><div>Hello,</div><p>A new order {{ order.number }} is available.<br><a href='{{ url }}'>Click here</a> to view your order.</p><p>The order contains:</p><ul>{% for line in order.lines.all %}<li>{{ line.title }} - quantity: {{ line.quantity }}</li>{% endfor %}</ul><p></html>",
            "date_created": "2015-01-17 20:31:49.481761",
            "date_updated": "2015-01-17 20:31:49.481761"
        }
    },
    {
          "pk": 2,
          "model": "customer.communicationeventtype",
          "fields": {
              "code": "DESIGNER_PROCESSING_ORDER",
              "name": "Designer Processing Order",
              "category": "Order related",
              "email_subject_template": "Designer is Processing Your Order ({{ order.number }})",
              "email_body_template": "Hello, /n The designer is currently processing your order.",
              "email_body_html_template": "<html><div>Hello,</div><p>The designer: {{ shop_name }} <br>is currently processing your order {{ order.number }}.</p><p>The processed items are:</p><ul>{% for line in order.lines.all %}<li>{{ line.title }} - quantity: {{ line.quantity }}</li>{% endfor %}</ul><p></html>",
              "date_created": "2015-04-05 20:31:49.481761",
              "date_updated": "2015-04-05 20:31:49.481761"
          }
    },
    {
          "pk": 3,
          "model": "customer.communicationeventtype",
          "fields": {
              "code": "ORDER_IN_TRANSIT",
              "name": "Order is in transit",
              "category": "Order related",
              "email_subject_template": "Designer has Shipped Your Order ({{ order.number }})",
              "email_body_template": "Hello, /n The designer has shipped your order and it is in transit.",
              "email_body_html_template": "<html><div>Hello,</div><p>The designer: {{ shop_name }} <br>has shipped your order {{ order.number }}.</p><p>The shipped items are:</p><ul>{% for line in order.lines.all %}<li>{{ line.title }} - quantity: {{ line.quantity }}</li>{% endfor %}</ul><p></html>",
              "date_created": "2015-04-05 20:31:49.481761",
              "date_updated": "2015-04-05 20:31:49.481761"
          }
    }
]
