[
    {
        "model": "user.TinvilleUser",
        "pk": 2,
        "fields": {
            "email": "demo@user.com",
            "password": "pbkdf2_sha256$12000$LyCRPn5i8lbC$sD0Sfps7UNPwAHyNWVHTzrY/40QDUDunWUD2ODhB8fs=",
			"slug": "demousercom",
            "is_admin": false,
            "is_active": true,
            "is_seller": true,
            "is_approved": true,
            "key_expires": "2020-02-02"
        }
    },
    {
        "model": "designer_shop.Shop",
        "pk": 1,
        "fields": {
            "name": "Demo",
			"slug": "Demo",
            "banner": "images/banner.jpg",
            "logo": "",
            "user": 2,
            "aboutContent": "<p><b>Some bold sample about text here</b></p>",
            "color": "#663399"
        }
    },
    {
        "model": "partner.Partner",
        "pk": 1,
        "fields": {
            "code": "demousercom",
            "name": "demo@user.com"
        }
    },
    {
        "model": "catalogue.Product",
        "pk": 1,
        "fields": {
            "title": "TestSizeSetItem",
            "slug": "TestSizeSetItem",
            "description": "This item is a default SizeSetItem, It is expensive but everyone wants to buy it.",
            "product_class": 1,
            "score": 0,
            "date_created": "2014-06-28 18:03:32.859698",
            "date_updated": "2014-06-28 18:03:32.859728",
            "is_discountable": 0,
            "shop": 1
        }
    },
    {
        "model": "catalogue.ProductImage",
        "pk": 2,
        "fields": {
            "product": 1,
            "original": "images/item.jpg",
            "display_order": 0,
            "date_created": "2014-06-28 18:03:32.910457"
        }
    },
    {
        "model": "catalogue.ProductImage",
        "pk": 3,
        "fields": {
            "product": 1,
            "original": "images/item.jpg",
            "display_order": 1,
            "date_created": "2014-06-28 18:03:32.910457"
        }
    },
    {
        "model": "catalogue.ProductImage",
        "pk": 4,
        "fields": {
            "product": 1,
            "original": "images/item.jpg",
            "display_order": 2,
            "date_created": "2014-06-28 18:03:32.910457"
        }
    },
    {
        "model": "catalogue.ProductImage",
        "pk": 5,
        "fields": {
            "product": 1,
            "original": "images/item.jpg",
            "display_order": 3,
            "date_created": "2014-06-28 18:03:32.910457"
        }
    },
    {
        "model": "catalogue.ProductImage",
        "pk": 6,
        "fields": {
            "product": 1,
            "original": "images/item.jpg",
            "display_order": 4,
            "date_created": "2014-06-28 18:03:32.910457"
        }
    },
    {
        "model": "catalogue.Product",
        "pk": 2,
        "fields": {
            "parent": 1,
            "title": "TestSizeSetItem",
            "slug": "TestSizeSetItem",
            "product_class": 1,
            "score": 0,
            "date_created": "2014-06-28 18:03:32.859698",
            "date_updated": "2014-06-28 18:03:32.859728",
            "is_discountable": 0,
            "shop": 1
        }
    },
    {
        "model": "partner.StockRecord",
        "pk": 1,
        "fields": {
            "product": 2,
            "partner": 1,
            "partner_sku": "edbcc528-09f6-471e-a48c-6ee4e8d208b7",
            "price_currency": "$",
            "price_excl_tax": "12.99",
            "num_in_stock": 10,
            "date_created": "2014-07-22 23:35:22.555623",
            "date_updated": "2014-07-22 23:35:22.555623"
        }
    },
    {
        "model": "catalogue.ProductAttributeValue",
        "pk": 1,
        "fields": {
            "attribute": 5,
            "product": 2,
            "value_option": 8
        }
    },
    {
        "model": "catalogue.ProductAttributeValue",
        "pk": 2,
        "fields": {
            "attribute": 1,
            "product": 2,
            "value_option": 1
        }
    },

    {
        "model": "catalogue.Product",
        "pk": 3,
        "fields": {
            "parent": 1,
            "title": "TestSizeSetItem",
            "slug": "TestSizeSetItem",
            "product_class": 1,
            "score": 0,
            "date_created": "2014-06-28 18:03:32.859698",
            "date_updated": "2014-06-28 18:03:32.859728",
            "is_discountable": 0,
            "shop": 1
        }
    },
    {
        "model": "partner.StockRecord",
        "pk": 2,
        "fields": {
            "product": 3,
            "partner": 1,
            "partner_sku": "54c0a83f-6ef7-45cd-a327-877f66c8fabc",
            "price_currency": "$",
            "price_excl_tax": "12.99",
            "num_in_stock": 10,
            "date_created": "2014-07-22 23:35:22.555623",
            "date_updated": "2014-07-22 23:35:22.555623"
        }
    },
    {
        "model": "catalogue.ProductAttributeValue",
        "pk": 3,
        "fields": {
            "attribute": 5,
            "product": 3,
            "value_option": 9
        }
    },
    {
        "model": "catalogue.ProductAttributeValue",
        "pk": 4,
        "fields": {
            "attribute": 1,
            "product": 3,
            "value_option": 1
        }
    },
    {
        "model": "catalogue.Product",
        "pk": 4,
        "fields": {
            "parent": 1,
            "title": "TestSizeSetItem",
            "slug": "TestSizeSetItem",
            "product_class": 1,
            "score": 0,
            "date_created": "2014-06-28 18:03:32.859698",
            "date_updated": "2014-06-28 18:03:32.859728",
            "is_discountable": 0,
            "shop": 1
        }
    },
    {
        "model": "partner.StockRecord",
        "pk": 3,
        "fields": {
            "product": 4,
            "partner": 1,
            "partner_sku": "90d95008-7058-43f2-935a-bf68583e4b72",
            "price_currency": "$",
            "price_excl_tax": "12.99",
            "num_in_stock": 10,
            "date_created": "2014-07-22 23:35:22.555623",
            "date_updated": "2014-07-22 23:35:22.555623"
        }
    },
    {
        "model": "catalogue.ProductAttributeValue",
        "pk": 5,
        "fields": {
            "attribute": 5,
            "product": 4,
            "value_option": 8
        }
    },
    {
        "model": "catalogue.ProductAttributeValue",
        "pk": 6,
        "fields": {
            "attribute": 1,
            "product": 4,
            "value_option": 2
        }
    },
    {
        "model": "catalogue.Product",
        "pk": 5,
        "fields": {
            "parent": 1,
            "title": "TestSizeSetItem",
            "slug": "TestSizeSetItem",
            "product_class": 1,
            "score": 0,
            "date_created": "2014-06-28 18:03:32.859698",
            "date_updated": "2014-06-28 18:03:32.859728",
            "is_discountable": 0,
            "shop": 1
        }
    },
    {
        "model": "partner.StockRecord",
        "pk": 4,
        "fields": {
            "product": 5,
            "partner": 1,
            "partner_sku": "e87c0b95-142d-45f7-8ce5-e82f72044052",
            "price_currency": "$",
            "price_excl_tax": "12.99",
            "num_in_stock": 10,
            "date_created": "2014-07-22 23:35:22.555623",
            "date_updated": "2014-07-22 23:35:22.555623"
        }
    },
    {
        "model": "catalogue.ProductAttributeValue",
        "pk": 7,
        "fields": {
            "attribute": 5,
            "product": 5,
            "value_option": 9
        }
    },
    {
        "model": "catalogue.ProductAttributeValue",
        "pk": 8,
        "fields": {
            "attribute": 1,
            "product": 5,
            "value_option": 2
        }
    },
    {
        "model": "catalogue.Product",
        "pk": 6,
        "fields": {
            "parent": 1,
            "title": "TestSizeSetItem",
            "slug": "TestSizeSetItem",
            "product_class": 1,
            "score": 0,
            "date_created": "2014-06-28 18:03:32.859698",
            "date_updated": "2014-06-28 18:03:32.859728",
            "is_discountable": 0,
            "shop": 1
        }
    },
    {
        "model": "partner.StockRecord",
        "pk": 5,
        "fields": {
            "product": 6,
            "partner": 1,
            "partner_sku": "c7952258-76c9-4033-aaf4-ccd5d08701cc",
            "price_currency": "$",
            "price_excl_tax": "12.99",
            "num_in_stock": 10,
            "date_created": "2014-07-22 23:35:22.555623",
            "date_updated": "2014-07-22 23:35:22.555623"
        }
    },
    {
        "model": "catalogue.ProductAttributeValue",
        "pk": 9,
        "fields": {
            "attribute": 5,
            "product": 6,
            "value_option": 8
        }
    },
    {
        "model": "catalogue.ProductAttributeValue",
        "pk": 10,
        "fields": {
            "attribute": 1,
            "product": 6,
            "value_option": 3
        }
    },
    {
        "model": "catalogue.Product",
        "pk": 7,
        "fields": {
            "parent": 1,
            "title": "TestSizeSetItem",
            "slug": "TestSizeSetItem",
            "product_class": 1,
            "score": 0,
            "date_created": "2014-06-28 18:03:32.859698",
            "date_updated": "2014-06-28 18:03:32.859728",
            "is_discountable": 0,
            "shop": 1
        }
    },
    {
        "model": "partner.StockRecord",
        "pk": 6,
        "fields": {
            "product": 7,
            "partner": 1,
            "partner_sku": "40994aaf-e81e-4453-9657-cd10bbab96cc",
            "price_currency": "$",
            "price_excl_tax": "12.99",
            "num_in_stock": 10,
            "date_created": "2014-07-22 23:35:22.555623",
            "date_updated": "2014-07-22 23:35:22.555623"
        }
    },
    {
        "model": "catalogue.ProductAttributeValue",
        "pk": 11,
        "fields": {
            "attribute": 5,
            "product": 7,
            "value_option": 9
        }
    },
    {
        "model": "catalogue.ProductAttributeValue",
        "pk": 12,
        "fields": {
            "attribute": 1,
            "product": 7,
            "value_option": 3
        }
    },
    {
        "model": "catalogue.ProductClass",
        "pk": 1,
        "fields": {
            "name": "Apparel",
			"slug": "apparel",
            "requires_shipping": true,
            "track_stock": true
        }
    },
    {
        "model": "catalogue.AttributeOptionGroup",
        "pk": 1,
        "fields": {
			"name": "size_set"
        }
    },
    {
        "model": "catalogue.AttributeOptionGroup",
        "pk": 2,
        "fields": {
			"name": "color_set"
        }
    },
    {
        "model": "catalogue.AttributeOption",
        "pk": 1,
        "fields": {
			"group": 1,
            "option": "xxs"
        }
    },
    {
        "model": "catalogue.AttributeOption",
        "pk": 2,
        "fields": {
			"group": 1,
            "option": "xs"
        }
    },
    {
        "model": "catalogue.AttributeOption",
        "pk": 3,
        "fields": {
			"group": 1,
            "option": "sm"
        }
    },
    {
        "model": "catalogue.AttributeOption",
        "pk": 4,
        "fields": {
			"group": 1,
            "option": "md"
        }
    },
    {
        "model": "catalogue.AttributeOption",
        "pk": 5,
        "fields": {
			"group": 1,
            "option": "lg"
        }
    },
    {
        "model": "catalogue.AttributeOption",
        "pk": 6,
        "fields": {
			"group": 1,
            "option": "xl"
        }
    },
    {
        "model": "catalogue.AttributeOption",
        "pk": 7,
        "fields": {
			"group": 1,
            "option": "xxl"
        }
    },
    {
        "model": "catalogue.AttributeOption",
        "pk": 8,
        "fields": {
			"group": 2,
            "option": "red"
        }
    },
    {
        "model": "catalogue.AttributeOption",
        "pk": 9,
        "fields": {
			"group": 2,
            "option": "blue"
        }
    },
    {
        "model": "catalogue.AttributeOption",
        "pk": 10,
        "fields": {
			"group": 2,
            "option": "green"
        }
    },
    {
        "model": "catalogue.AttributeOption",
        "pk": 11,
        "fields": {
			"group": 2,
            "option": "black"
        }
    },
    {
        "model": "catalogue.AttributeOption",
        "pk": 12,
        "fields": {
			"group": 2,
            "option": "white"
        }
    },
    {
        "model": "catalogue.AttributeOption",
        "pk": 13,
        "fields": {
			"group": 2,
            "option": "pink"
        }
    },
    {
        "model": "catalogue.AttributeOption",
        "pk": 14,
        "fields": {
			"group": 2,
            "option": "brown"
        }
    },
    {
        "model": "catalogue.AttributeOption",
        "pk": 15,
        "fields": {
			"group": 2,
            "option": "gray"
        }
    },
    {
        "model": "catalogue.AttributeOption",
        "pk": 16,
        "fields": {
			"group": 2,
            "option": "yellow"
        }
    },
        {
        "model": "catalogue.AttributeOption",
        "pk": 17,
        "fields": {
			"group": 2,
            "option": "violet"
        }
    },
        {
        "model": "catalogue.AttributeOption",
        "pk": 18,
        "fields": {
			"group": 2,
            "option": "orange"
        }
    },
    {
        "model": "catalogue.ProductAttribute",
        "pk": 1,
        "fields": {
            "product_class": 1,
			"name": "size_set",
            "code": "size_set",
            "type": "option",
            "option_group": 1
        }
    },
    {
        "model": "catalogue.ProductAttribute",
        "pk": 2,
        "fields": {
            "product_class": 1,
			"name": "size_dimension_x",
            "code": "size_dimension_x",
            "type": "float"
        }
    },
    {
        "model": "catalogue.ProductAttribute",
        "pk": 3,
        "fields": {
            "product_class": 1,
			"name": "size_dimension_y",
            "code": "size_dimension_y",
            "type": "float"
        }
    },
    {
        "model": "catalogue.ProductAttribute",
        "pk": 4,
        "fields": {
            "product_class": 1,
			"name": "size_number",
            "code": "size_number",
            "type": "float"
        }
    },
    {
        "model": "catalogue.ProductAttribute",
        "pk": 5,
        "fields": {
            "product_class": 1,
			"name": "color",
            "code": "color",
            "type": "option",
            "option_group": 2
        }
    },
    {
        "model": "catalogue.Category",
        "pk": 1,
        "fields": {
            "path": "0001",
            "depth": 1,
            "numchild": 2,
            "name": "Women",
            "slug": "women",
            "full_name": "Women"

        }
    },
    {
        "model": "catalogue.Category",
        "pk": 2,
        "fields": {
            "path": "0002",
            "depth": 1,
            "numchild": 2,
            "name": "Men",
            "slug": "men",
            "full_name": "Men"

        }
    },
    {
        "model": "catalogue.Category",
        "pk": 3,
        "fields": {
            "path": "00010001",
            "depth": 2,
            "numchild": 1,
            "name": "Clothing",
            "slug": "women/clothing",
            "full_name": "Women > Clothing"

        }
    },
    {
        "model": "catalogue.Category",
        "pk": 4,
        "fields": {
            "path": "00010002",
            "depth": 2,
            "numchild": 1,
            "name": "Shoes",
            "slug": "women/shoes",
            "full_name": "Women > Shoes"

        }
    },
    {
        "model": "catalogue.Category",
        "pk": 5,
        "fields": {
            "path": "000100010001",
            "depth": 3,
            "numchild": 0,
            "name": "Jackets",
            "slug": "women/clothing/jackets",
            "full_name": "Women > Clothing > Jackets"

        }
    },
    {
        "model": "catalogue.Category",
        "pk": 6,
        "fields": {
            "path": "000100010002",
            "depth": 3,
            "numchild": 0,
            "name": "Dresses",
            "slug": "women/clothing/dresses",
            "full_name": "Women > Clothing > Dresses"

        }
    },
    {
        "model": "catalogue.Category",
        "pk": 7,
        "fields": {
            "path": "000100020001",
            "depth": 3,
            "numchild": 0,
            "name": "Boots",
            "slug": "women/shoes/boots",
            "full_name": "Women > Shoes > Boots"

        }
    },
    {
        "model": "catalogue.Category",
        "pk": 8,
        "fields": {
            "path": "000100020002",
            "depth": 3,
            "numchild": 0,
            "name": "Heels",
            "slug": "women/shoes/heels",
            "full_name": "Women > Shoes > Heels"

        }
    },
    {
        "model": "catalogue.Category",
        "pk": 9,
        "fields": {
            "path": "00020001",
            "depth": 2,
            "numchild": 1,
            "name": "Clothing",
            "slug": "men/clothing",
            "full_name": "Men > Clothing"

        }
    },
    {
        "model": "catalogue.Category",
        "pk": 10,
        "fields": {
            "path": "00020002",
            "depth": 2,
            "numchild": 1,
            "name": "Shoes",
            "slug": "men/shoes",
            "full_name": "Men > Shoes"

        }
    },
    {
        "model": "catalogue.Category",
        "pk": 11,
        "fields": {
            "path": "000200010001",
            "depth": 3,
            "numchild": 0,
            "name": "Jackets",
            "slug": "Men/clothing/jackets",
            "full_name": "Men > Clothing > Jackets"

        }
    },
    {
        "model": "catalogue.Category",
        "pk": 12,
        "fields": {
            "path": "000200010002",
            "depth": 3,
            "numchild": 0,
            "name": "Suits",
            "slug": "Men/clothing/suits",
            "full_name": "Men > Clothing > Suits"

        }
    },
    {
        "model": "catalogue.Category",
        "pk": 13,
        "fields": {
            "path": "000200020001",
            "depth": 3,
            "numchild": 0,
            "name": "Boots",
            "slug": "Men/shoes/boots",
            "full_name": "Men > Shoes > Boots"

        }
    },
    {
        "model": "catalogue.Category",
        "pk": 14,
        "fields": {
            "path": "000200020002",
            "depth": 3,
            "numchild": 0,
            "name": "Sneakers",
            "slug": "Men/shoes/sneakers",
            "full_name": "Men > Shoes > Sneakers"

        }
    }
]
